,Baseline,Graph RAG,Multi Hop Graph RAG
Correctness,0.6012643103798231,0.6909202660123507,0.6755522903468874
Faithfulness,0.8549800596783119,0.7809516863330201,0.7862323421210191
Guardrail Accuracy,0.8333333333333334,0.8333333333333334,0.8333333333333334
